ess_number,level,title,notes,reserved
00 00 00,division,Procurement and Contracting Requirements,,
00 10 00,section,Solicitation,,
00 11 00,section,Advertisements and Invitations,,
00 11 13,section,Advertisement for Bids,,
00 11 16,section,Invitation to Bid,,
00 21 00,section,Instructions,,
00 21 13,section,Instructions to Bidders,,
00 22 00,section,Supplementary Instructions,,
00 22 13,section,Supplementary Instructions to Bidders,,
00 31 00,section,Available Project Information,,
00 31 13,section,Preliminary Schedules,,
00 31 19,section,Existing Condition Information,,
00 31 24,section,Existing Hazardous Material Information,,
00 31 26,section,Existing Tests and Inspections Information,,
00 31 32,section,Geotechnical Data,,
00 41 00,section,Bid Forms,,
00 41 13,section,Bid Form — Stipulated Sum,,
00 41 16,section,Bid Form — Unit Price,,
00 41 43,section,Bid Form — Cost Plus,,
00 43 00,section,Bid Form Supplements,,
00 43 13,section,Bid Bond,,
00 43 25,section,Substitution Request Form,,
00 45 00,section,Representations and Certifications,,
00 45 13,section,Bidder's Qualifications,,
00 45 26,section,Workers Compensation Certificate,,
00 52 00,section,Agreement Forms,,
00 52 13,section,Agreement Form — Stipulated Sum,,
00 52 16,section,Agreement Form — Unit Price,,
00 52 43,section,Agreement Form — Cost Plus,,
00 54 00,section,Agreement Form Supplements,,
00 61 00,section,Bond and Certificate Forms,,
00 61 13,section,Performance Bond,,
00 61 16,section,Payment Bond,,
00 61 19,section,Maintenance Bond,,
00 62 00,section,Certificates and Other Forms,,
00 62 13,section,Certificate of Insurance,,
00 62 34,section,Subcontractor List,,
00 65 00,section,Closeout Forms,,
00 65 13,section,Certificate of Substantial Completion,,
00 72 00,section,General Conditions,,
00 72 13,section,General Conditions of the Contract,,
00 73 00,section,Supplementary Conditions,,
00 73 13,section,Supplementary Conditions,,
01 00 00,division,General Requirements,,
01 10 00,section,Summary,,
01 11 00,section,Summary of Work,,
01 12 00,section,Multiple Contract Summary,,
01 14 00,section,Work Restrictions,,
01 18 00,section,Project Utility Sources,,
01 20 00,section,Price and Payment Procedures,,
01 21 00,section,Allowances,,
01 22 00,section,Unit Prices,,
01 23 00,section,Alternates,,
01 24 00,section,Value Analysis,,
01 25 00,section,Substitution Procedures,,
01 26 00,section,Contract Modification Procedures,,
01 29 00,section,Payment Procedures,,
01 30 00,section,Administrative Requirements,,
01 31 00,section,Project Management and Coordination,,
01 32 00,section,Construction Progress Documentation,,
01 33 00,section,Submittal Procedures,,
01 35 00,section,Special Procedures,,
01 35 13,section,Special Project Procedures,,
01 35 43,section,Environmental Procedures,,
01 40 00,section,Quality Requirements,,
01 41 00,section,Regulatory Requirements,,
01 42 00,section,References,,
01 43 00,section,Quality Assurance,,
01 45 00,section,Quality Control,,
01 45 16,section,Contractor Quality Control,,
01 45 23,section,Testing and Inspecting Services,,
01 50 00,section,Temporary Facilities and Controls,,
01 51 00,section,Temporary Utilities,,
01 52 00,section,Construction Facilities,,
01 54 00,section,Construction Aids,,
01 55 00,section,Vehicular Access and Parking,,
01 56 00,section,Temporary Barriers and Enclosures,,
01 57 00,section,Temporary Controls,,
01 57 13,section,Temporary Erosion and Sediment Control,,
01 58 00,section,Project Identification,,
01 60 00,section,Product Requirements,,
01 61 00,section,Common Product Requirements,,
01 62 00,section,Product Options,,
01 64 00,section,Owner-Furnished Products,,
01 65 00,section,Product Delivery Requirements,,
01 66 00,section,Product Storage and Handling Requirements,,
01 70 00,section,Execution and Closeout Requirements,,
01 71 00,section,Examination and Preparation,,
01 73 00,section,Execution,,
01 74 00,section,Cleaning and Waste Management,,
01 74 13,section,Progress Cleaning,,
01 74 19,section,Construction Waste Management and Disposal,,
01 75 00,section,Starting and Adjusting,,
01 76 00,section,Protecting Installed Construction,,
01 77 00,section,Closeout Procedures,,
01 78 00,section,Closeout Submittals,,
01 78 23,section,Operation and Maintenance Data,,
01 78 39,section,Project Record Documents,,
01 79 00,section,Demonstration and Training,,
01 80 00,section,Performance Requirements,,
01 81 00,section,Facility Performance Requirements,,
01 82 00,section,Facility Substructure Performance Requirements,,
01 83 00,section,Facility Shell Performance Requirements,,
01 84 00,section,Interiors Performance Requirements,,
01 86 00,section,Facility Services Performance Requirements,,
01 91 00,section,Commissioning,,
01 91 13,section,General Commissioning Requirements,,
10 00 00,division,Existing Conditions,,
10 01 00,section,Assessment,,
10 01 13,section,Selective Site Demolition Assessment,,
10 01 19,section,Building Condition Assessment,,
10 05 00,section,Common Work Results for Existing Conditions,,
10 06 00,section,Schedules for Existing Conditions,,
10 07 00,section,Commissioning for Existing Conditions,,
10 10 00,section,Subsurface Investigation,,
10 10 13,section,Subsurface Drilling and Sampling,,
10 10 16,section,Percolation Testing,,
10 11 00,section,Existing Material Assessment,,
10 11 13,section,Concrete Assessment,,
10 11 16,section,Masonry Assessment,,
10 11 19,section,Metal Assessment,,
10 11 23,section,Wood Assessment,,
10 21 00,section,Removal and Salvage,,
10 21 13,section,Selective Demolition,,
10 21 16,section,Structure Moving,,
10 22 00,section,Hazardous Material Remediation,,
10 22 13,section,Asbestos Abatement,,
10 22 16,section,Lead Remediation,,
10 22 19,section,Polychlorinated Biphenyl (PCB) Remediation,,
10 22 23,section,Mold Remediation,,
10 41 00,section,Building Deconstruction,,
10 41 13,section,Building Deconstruction and Material Salvage,,
11 00 00,division,Concrete,,
11 03 00,section,Concrete Rehabilitation,,
11 05 00,section,Common Work Results for Concrete,,
11 05 13,section,Selective Concrete Demolition,,
11 11 00,section,Concrete Forming and Accessories,,
11 11 13,section,Structural Cast-in-Place Concrete Forming,,
11 11 16,section,Architectural Cast-in-Place Concrete Forming,,
11 11 19,section,Insulating Concrete Forming,,
11 11 23,section,Permanent Stair Forming,,
11 13 00,section,Concrete Reinforcing,,
11 13 13,section,Deformed Bar Reinforcing,,
11 13 16,section,Welded Wire Reinforcing,,
11 13 19,section,Post-Installed Concrete Anchors,,
11 13 23,section,Stressing Tendons,,
11 13 26,section,Unbonded Post-Tensioning,,
11 13 29,section,Bonded Post-Tensioning,,
11 15 00,section,Concrete Accessories,,
11 15 13,section,Concrete Joints and Accessories,,
11 15 16,section,Concrete Anchors,,
11 16 00,section,Concrete Placing,,
11 16 13,section,Shotcrete,,
11 16 16,section,Concrete Pumping,,
11 21 00,section,Cast-in-Place Concrete,,
11 21 13,section,Concrete Mixing,,
11 23 00,section,Structural Concrete,,
11 23 13,section,Structural Concrete for Buildings,,
11 23 53,section,Concrete Toppings,,
11 24 00,section,Lightweight Structural Concrete,,
11 25 00,section,Fiber-Reinforced Concrete,,
11 27 00,section,Roller-Compacted Concrete,,
11 29 00,section,Specialty Placed Concrete,,
11 29 13,section,Underwater Concrete,,
11 31 00,section,Precast Concrete,,
11 31 13,section,Precast Concrete Slabs,,
11 31 16,section,Precast Concrete Stairs,,
11 33 00,section,Architectural Precast Concrete,,
11 33 13,section,Precast Concrete Specialties,,
11 35 00,section,Precast Concrete Structural Components,,
11 35 13,section,Prestressed Concrete,,
11 35 16,section,Precast Concrete Hollow-Core Planks,,
11 45 00,section,Cementitious Panel Products,,
11 45 13,section,Glass-Fiber-Reinforced Concrete,,
12 00 00,division,Masonry,,
12 01 00,section,Masonry Rehabilitation,,
12 05 00,section,Common Work Results for Masonry,,
12 05 13,section,Masonry Mortaring,,
12 05 16,section,Masonry Grouting,,
12 05 19,section,Masonry Anchorage and Reinforcing,,
12 05 23,section,Masonry Accessories,,
12 06 00,section,Schedules for Masonry,,
12 11 00,section,Brick Masonry,,
12 11 13,section,Brick Masonry,,
12 12 00,section,Concrete Unit Masonry,,
12 12 13,section,Concrete Masonry Units,,
12 12 16,section,Concrete Masonry Veneer,,
12 13 00,section,Stone Masonry,,
12 13 13,section,Cut Stone Masonry,,
12 13 16,section,Rubble Stone Masonry,,
12 14 00,section,Manufactured Masonry Units,,
12 14 13,section,Adobe Masonry Units,,
12 14 16,section,Calcium Silicate Masonry Units,,
12 16 00,section,Architectural Masonry,,
12 16 13,section,Architectural Brick,,
12 16 16,section,Glazed Concrete Masonry Units,,
12 19 00,section,Masonry Fireplaces,,
12 19 13,section,Masonry Fireplaces,,
13 00 00,division,Metals,,
13 05 00,section,Common Work Results for Metals,,
13 05 13,section,Selective Metal Demolition,,
13 05 23,section,Metal Fastenings,,
13 06 00,section,Schedules for Metals,,
13 11 00,section,Structural Metal Framing,,
13 11 13,section,Structural Steel Framing,,
13 11 16,section,Structural Steel for Buildings,,
13 11 19,section,Architecturally-Exposed Structural Steel,,
13 11 23,section,Structural Aluminum Framing,,
13 12 00,section,Structural Steel for Bridges,,
13 13 00,section,Metal Fabrications,,
13 13 13,section,Metal Stairs,,
13 13 16,section,Ladders and Rungs,,
13 13 19,section,Metal Floor Plate,,
13 13 23,section,Metal Gratings,,
13 13 26,section,Metal Castings,,
13 13 29,section,Bollards,,
13 13 33,section,Metal Railing and Handrails,,
13 15 00,section,Wire Rope and Cable Assemblies,,
13 15 13,section,Structural Cable Assemblies,,
13 16 00,section,Cold-Formed Metal Framing,,
13 16 13,section,Cold-Formed Metal Floor Framing,,
13 16 16,section,Cold-Formed Metal Roof Framing,,
13 16 19,section,Cold-Formed Metal Wall Framing,,
13 17 00,section,Metal Joists,,
13 17 13,section,Open-Web Steel Joists,,
13 17 16,section,Joist Girders,,
13 18 00,section,Metal Decking,,
13 18 13,section,Metal Roof Decking,,
13 18 16,section,Metal Floor Decking,,
13 21 00,section,Steel Connections,,
13 21 13,section,High-Strength Bolts,,
13 21 16,section,Welded Connections,,
14 00 00,division,Wood Plastics and Composites,,
14 05 00,section,Common Work Results for Wood Plastics and Composites,,
14 05 13,section,Selective Wood Demolition,,
14 06 00,section,Schedules for Wood Plastics and Composites,,
14 11 00,section,Wood Framing,,
14 11 13,section,Dimension Lumber Framing,,
14 11 16,section,Engineered Wood Products,,
14 11 19,section,Heavy Timber Framing,,
14 11 23,section,Log Construction,,
14 11 26,section,Timber Framing,,
14 11 33,section,Structural Insulated Panels,,
14 12 00,section,Structural Panels,,
14 12 13,section,Plywood,,
14 12 16,section,Oriented Strand Board,,
14 13 00,section,Sheathing,,
14 13 13,section,Wood Structural Panel Sheathing,,
14 13 16,section,Gypsum Sheathing,,
14 14 00,section,Treated Wood Products,,
14 14 13,section,Pressure-Treated Wood,,
14 21 00,section,Finish Carpentry,,
14 21 13,section,Exterior Finish Carpentry,,
14 21 16,section,Interior Finish Carpentry,,
14 22 00,section,Millwork,,
14 22 13,section,Custom Millwork,,
14 23 00,section,Interior Architectural Woodwork,,
14 23 13,section,Interior Trim,,
14 23 16,section,Wood Stairways and Rails,,
14 23 19,section,Wood Casework,,
14 24 00,section,Exterior Architectural Woodwork,,
14 41 00,section,Wood Doors and Frames,,
14 41 13,section,Flush Wood Doors,,
14 41 16,section,Stile and Rail Wood Doors,,
14 46 00,section,Plastic Components,,
14 46 13,section,Fiberglass Reinforced Panels,,
14 46 16,section,Plastic Lumber,,
14 65 00,section,Plastic Fencing,,
15 00 00,division,Reserved for Future Expansion,Reserved,reserved
16 00 00,division,Reserved for Future Expansion,Reserved,reserved
17 00 00,division,Reserved for Future Expansion,Reserved,reserved
18 00 00,division,Reserved for Future Expansion,Reserved,reserved
19 00 00,division,Reserved for Future Expansion,Reserved,reserved
20 00 00,division,Thermal and Moisture Protection,,
20 01 00,section,Thermal and Moisture Protection Rehabilitation,,
20 05 00,section,Common Work Results for Thermal and Moisture Protection,,
20 05 13,section,Thermal and Moisture Protection Testing,,
20 06 00,section,Schedules for Thermal and Moisture Protection,,
20 11 00,section,Dampproofing and Waterproofing,,
20 11 13,section,Bituminous Dampproofing,,
20 11 16,section,Cementitious and Crystalline Dampproofing,,
20 11 19,section,Water Repellents,,
20 11 23,section,Sheet Waterproofing,,
20 11 26,section,Fluid-Applied Waterproofing,,
20 11 29,section,Drainage Board and Geotextile,,
20 11 33,section,Sheet Metal Flashing and Trim,,
20 11 36,section,Through-Wall Flashing,,
20 12 00,section,Below-Grade Waterproofing,,
20 12 13,section,Below-Grade Sheet Waterproofing,,
20 12 16,section,Below-Grade Fluid-Applied Waterproofing,,
20 21 00,section,Thermal Insulation,,
20 21 13,section,Board Insulation,,
20 21 16,section,Blanket Insulation,,
20 21 19,section,Loose-Fill Insulation,,
20 21 23,section,Sprayed Insulation,,
20 21 26,section,Insulation and Underlayment,,
20 22 00,section,Roof and Deck Insulation,,
20 22 13,section,Tapered Insulation,,
20 23 00,section,Exterior Insulation and Finish Systems,,
20 23 13,section,EIFS — Polymer-Based,,
20 23 16,section,EIFS — Polymer-Modified,,
20 24 00,section,Exterior Continuous Insulation,,
20 31 00,section,Steep Slope Roofing,,
20 31 13,section,Asphalt Shingles,,
20 31 16,section,Slate Roofing,,
20 31 19,section,Wood Shingles and Shakes,,
20 31 23,section,Metal Shingles,,
20 31 26,section,Tile Roofing,,
20 32 00,section,Low-Slope Roofing,,
20 32 13,section,Built-Up Bituminous Roofing,,
20 32 16,section,Modified Bituminous Membrane Roofing,,
20 32 19,section,Thermoplastic Membrane Roofing,,
20 32 23,section,Thermoset Membrane Roofing,,
20 32 26,section,Fluid-Applied Roofing,,
20 32 29,section,Vegetative Roofing,,
20 32 33,section,Sprayed Polyurethane Foam Roofing,,
20 33 00,section,Flashing and Sheet Metal,,
20 33 13,section,Sheet Metal Roofing,,
20 33 16,section,Sheet Metal Flashing and Trim,,
20 33 19,section,Manufactured Roof Expansion Joints,,
20 41 00,section,Air Barriers,,
20 41 13,section,Sheet Metal Air Barriers,,
20 41 16,section,Air Infiltration Barriers,,
20 41 19,section,Fluid-Applied Air Barriers,,
20 42 00,section,Vapor Retarders,,
20 42 13,section,Sheet Vapor Retarders,,
20 51 00,section,Cladding and Siding,,
20 51 13,section,Metal Wall Panels,,
20 51 16,section,Fiber Cement Siding,,
20 51 19,section,Wood Siding,,
20 51 23,section,Vinyl Siding,,
20 51 26,section,Composite Siding,,
20 51 29,section,Cementitious Siding,,
20 61 00,section,Roofing Specialties and Accessories,,
20 61 13,section,Prefabricated Roof Specialties,,
20 61 16,section,Roof Hatches and Smoke Vents,,
20 61 19,section,Snow Guards,,
20 61 23,section,Roof Walkways,,
21 00 00,division,Openings,,
21 01 00,section,Openings Rehabilitation,,
21 05 00,section,Common Work Results for Openings,,
21 06 00,section,Schedules for Openings,,
21 11 00,section,Metal Doors and Frames,,
21 11 13,section,Hollow Metal Doors and Frames,,
21 11 16,section,Aluminum Frames,,
21 11 19,section,Steel Frames,,
21 13 00,section,Wood Doors,,
21 13 13,section,Flush Wood Doors,,
21 13 16,section,Stile and Rail Wood Doors,,
21 14 00,section,Plastic Doors,,
21 15 00,section,Composite Doors,,
21 17 00,section,Integrated Door Opening Assemblies,,
21 18 00,section,Special Function Doors,,
21 18 13,section,Sliding Aluminum-Framed Glass Doors,,
21 18 16,section,Folding Doors and Grilles,,
21 18 19,section,Sound Control Door Assemblies,,
21 18 23,section,Detention Doors and Frames,,
21 19 00,section,Special Doors and Frames,,
21 19 13,section,Coiling Doors,,
21 19 16,section,Sectional Overhead Doors,,
21 19 19,section,Upward-Acting Sectional Doors,,
21 19 23,section,Coiling Grilles,,
21 21 00,section,Hardware,,
21 21 13,section,Door Hardware,,
21 21 16,section,Keying,,
21 23 00,section,Glazing,,
21 23 13,section,Glazing,,
21 23 16,section,Heat-Treated Glass,,
21 23 19,section,Insulating Glass,,
21 23 23,section,Plastic Glazing,,
21 23 26,section,Glazing Accessories,,
21 25 00,section,Storefronts and Entrances,,
21 25 13,section,Storefronts,,
21 25 16,section,All-Glass Entrances and Storefronts,,
21 25 19,section,Automatic Entrance Doors,,
21 26 00,section,Curtain Wall and Glazed Assemblies,,
21 26 13,section,Aluminum-Framed Entrances and Storefronts,,
21 26 16,section,Structural Sealant Glazing,,
21 26 19,section,Sloped Glazing Assemblies,,
21 31 00,section,Windows,,
21 31 13,section,Wood Windows,,
21 31 16,section,Aluminum Windows,,
21 31 19,section,Vinyl Windows,,
21 31 23,section,Composite Windows,,
21 31 26,section,Fiberglass Windows,,
21 32 00,section,Skylights,,
21 32 13,section,Plastic Unit Skylights,,
21 32 16,section,Metal-Framed Skylights,,
21 33 00,section,Roof Windows,,
21 41 00,section,Louvers and Vents,,
21 41 13,section,Louvers,,
21 41 16,section,Door Louvers,,
21 46 00,section,Screens and Grilles,,
21 46 13,section,Security Screens and Window Guards,,
22 00 00,division,Finishes,,
22 01 00,section,Finishes Rehabilitation,,
22 05 00,section,Common Work Results for Finishes,,
22 05 13,section,Selective Finish Demolition,,
22 06 00,section,Schedules for Finishes,,
22 09 00,section,Finish Commissioning,,
22 11 00,section,Plaster and Gypsum Board,,
22 11 13,section,Gypsum Plastering,,
22 11 16,section,Portland Cement Plastering,,
22 11 23,section,Gypsum Board,,
22 11 26,section,Gypsum Board Shaft Wall Assemblies,,
22 13 00,section,Tiling,,
22 13 13,section,Ceramic Tiling,,
22 13 16,section,Quarry Tiling,,
22 13 19,section,Mosaic Tiling,,
22 13 23,section,Paver Tiling,,
22 13 26,section,Glass Tiling,,
22 14 00,section,Terrazzo,,
22 14 13,section,Portland Cement Terrazzo,,
22 14 16,section,Precast Terrazzo,,
22 14 19,section,Resinous Matrix Terrazzo,,
22 21 00,section,Ceilings,,
22 21 13,section,Acoustical Panel Ceilings,,
22 21 16,section,Acoustical Tile Ceilings,,
22 21 19,section,Linear Metal Ceilings,,
22 21 23,section,Open-Web Suspended Ceilings,,
22 21 26,section,Integrated Ceiling Assemblies,,
22 22 00,section,Specialty Ceilings,,
22 22 13,section,Suspended Decorative Grids,,
22 31 00,section,Flooring,,
22 31 13,section,Resilient Flooring,,
22 31 16,section,Resilient Wall Base and Accessories,,
22 31 19,section,Carpet,,
22 31 23,section,Carpet Tile,,
22 31 26,section,Access Flooring,,
22 32 00,section,Wood Flooring,,
22 32 13,section,Strip and Plank Wood Flooring,,
22 32 16,section,Laminate Flooring,,
22 33 00,section,Stone Flooring,,
22 33 13,section,Stone Floor Tile,,
22 34 00,section,Resinous Flooring,,
22 34 13,section,Epoxy Floor Coating,,
22 34 16,section,Fluid-Applied Flooring,,
22 41 00,section,Wall Finishes,,
22 41 13,section,Fabric-Wrapped Panels,,
22 41 16,section,Stone Wall Cladding,,
22 41 19,section,Wood Wall Cladding,,
22 61 00,section,Painting and Coating,,
22 61 13,section,Interior Painting,,
22 61 16,section,Exterior Painting,,
22 61 19,section,High-Performance Coatings,,
22 61 23,section,Cementitious Coatings,,
22 63 00,section,Staining and Transparent Finishing,,
22 65 00,section,Intumescent Coatings,,
22 72 00,section,Wall Coverings,,
22 72 13,section,Vinyl Wall Coverings,,
22 72 16,section,Fabric Wall Coverings,,
23 00 00,division,Specialties,,
23 05 00,section,Common Work Results for Specialties,,
23 11 00,section,Visual Display Units,,
23 11 13,section,Markerboards,,
23 11 16,section,Tack Boards,,
23 11 19,section,Combined Visual Display Units,,
23 13 00,section,Directories and Signage,,
23 13 13,section,Exterior Signage,,
23 13 16,section,Interior Signage,,
23 13 19,section,Dimensional Letter Signage,,
23 14 00,section,Pedestrian Control Equipment,,
23 14 13,section,Entrances Control Equipment,,
23 14 16,section,Barrier Gates,,
23 14 19,section,Turnstiles,,
23 21 00,section,Compartments and Cubicles,,
23 21 13,section,Toilet Compartments,,
23 21 16,section,Shower and Dressing Compartments,,
23 21 19,section,Cubicle Curtains and Track,,
23 22 00,section,Partitions and Panels,,
23 22 13,section,Wire Mesh Partitions,,
23 22 16,section,Folding Panel Partitions,,
23 22 19,section,Portable Partitions and Screens,,
23 23 00,section,Interior Specialties,,
23 23 13,section,Recessed Interior Specialties,,
23 24 00,section,Toilet Accessories,,
23 24 13,section,Toilet and Bath Accessories,,
23 24 16,section,Healthcare Accessories,,
23 25 00,section,Service Wall Systems,,
23 31 00,section,Protective Covers,,
23 31 13,section,Awnings,,
23 31 16,section,Canopies,,
23 32 00,section,Pest Control Devices,,
23 33 00,section,Fire Protection Specialties,,
23 33 13,section,Fire Protection Cabinets,,
23 33 16,section,Fire Extinguishers,,
23 34 00,section,Safety Specialties,,
23 34 13,section,Safety Mirrors,,
23 34 16,section,Handrails and Railings,,
23 41 00,section,Storage Specialties,,
23 41 13,section,Lockers,,
23 41 16,section,Shelving,,
23 42 00,section,Postal Specialties,,
23 42 13,section,Mail Receptacles,,
23 43 00,section,Laundry Specialties,,
23 51 00,section,Hydraulic Specialties,,
23 51 13,section,Floor and Trench Drains,,
23 51 16,section,Grease Interceptors,,
23 53 00,section,Fireplaces and Stoves,,
23 53 13,section,Factory-Built Fireplaces,,
23 53 16,section,Fireplace Specialties and Accessories,,
23 61 00,section,Recreational and Athletic Equipment,,
23 71 00,section,Healthcare Equipment,,
23 81 00,section,Detention Equipment,,
24 00 00,division,Equipment,,
24 05 00,section,Common Work Results for Equipment,,
24 11 00,section,Vehicle and Pedestrian Equipment,,
24 11 13,section,Loading Dock Equipment,,
24 11 16,section,Coiling Dock Levelers,,
24 12 00,section,Parking Control Equipment,,
24 13 00,section,Maintenance Equipment,,
24 14 00,section,Food Service Equipment,,
24 14 13,section,Commercial Kitchen Equipment,,
24 15 00,section,Residential Equipment,,
24 15 13,section,Residential Appliances,,
24 21 00,section,Healthcare Equipment,,
24 22 00,section,Educational and Scientific Equipment,,
24 23 00,section,Entertainment Equipment,,
24 31 00,section,Bank and Vault Equipment,,
24 32 00,section,Mercantile and Service Equipment,,
24 33 00,section,Hospitality Equipment,,
24 41 00,section,Industrial and Process Equipment,,
25 00 00,division,Furnishings,,
25 05 00,section,Common Work Results for Furnishings,,
25 11 00,section,Fixed Audience Seating,,
25 12 00,section,Fixed Commercial Seating,,
25 13 00,section,Stadium and Arena Seating,,
25 21 00,section,Window Treatments,,
25 21 13,section,Window Blinds,,
25 21 16,section,Interior Shutters,,
25 22 00,section,Interior Planters and Artificial Plants,,
25 31 00,section,Casework,,
25 31 13,section,Metal Casework,,
25 31 16,section,Plastic Laminate-Clad Casework,,
25 31 19,section,Wood Casework,,
25 32 00,section,Countertops,,
25 32 13,section,Plastic Countertops,,
25 32 16,section,Stone Countertops,,
25 32 19,section,Solid Surfacing Countertops,,
25 41 00,section,Healthcare Furnishings,,
25 51 00,section,Educational Furnishings,,
25 61 00,section,Religious Furnishings,,
25 71 00,section,Exterior Furnishings,,
25 71 13,section,Site Seating and Tables,,
25 71 16,section,Bicycle Racks,,
25 71 19,section,Exterior Trash Receptacles,,
25 72 00,section,Planters,,
26 00 00,division,Special Construction,,
26 11 00,section,Special Structural Systems,,
26 11 13,section,Air-Supported Structures,,
26 11 16,section,Tensioned Fabric Structures,,
26 13 00,section,Special Purpose Rooms,,
26 13 13,section,Clean Rooms,,
26 13 16,section,Cold Storage Rooms,,
26 13 19,section,Controlled Environment Rooms,,
26 13 23,section,Saunas,,
26 13 26,section,Anechoic Rooms,,
26 14 00,section,Special Purpose Buildings,,
26 21 00,section,Pre-Engineered Structures,,
26 21 13,section,Metal Building Systems,,
26 21 16,section,Portable and Mobile Buildings,,
26 31 00,section,Vaults,,
26 31 13,section,Prefabricated Vaults,,
26 32 00,section,Radiation Protection,,
26 33 00,section,Fireproofing,,
26 33 13,section,Cementitious Fireproofing,,
26 33 16,section,Intumescent Mastic Fireproofing,,
26 41 00,section,Swimming Pools,,
26 41 13,section,Swimming Pool Construction,,
26 41 16,section,Swimming Pool Finish,,
26 41 19,section,Swimming Pool Equipment,,
26 51 00,section,Fountains,,
26 52 00,section,Solar and Wind Energy Systems,,
26 52 13,section,Photovoltaic Collectors,,
26 52 16,section,Solar Energy Thermal Systems,,
26 52 19,section,Wind Energy Systems,,
27 00 00,division,Reserved for Future Expansion,Reserved,reserved
28 00 00,division,Reserved for Future Expansion,Reserved,reserved
29 00 00,division,Reserved for Future Expansion,Reserved,reserved
30 00 00,division,Plumbing,,
30 05 00,section,Common Work Results for Plumbing,,
30 05 13,section,Common Motor Requirements for Plumbing Equipment,,
30 05 16,section,Expansion Fittings and Loops for Plumbing Piping,,
30 05 23,section,General-Duty Valves for Plumbing Piping,,
30 05 29,section,Hangers and Supports for Plumbing Piping and Equipment,,
30 05 53,section,Identification for Plumbing Piping and Equipment,,
30 07 00,section,Plumbing Insulation,,
30 07 19,section,Plumbing Piping Insulation,,
30 11 00,section,Facility Water Distribution,,
30 11 13,section,Facility Water Distribution Piping,,
30 11 16,section,Domestic Water Pumps,,
30 11 19,section,Domestic Water Filtration Equipment,,
30 12 00,section,Facility Sanitary Sewerage,,
30 12 13,section,Facility Sanitary Sewers,,
30 12 16,section,Facility Sanitary Sewers Manholes,,
30 13 00,section,Facility Storm Drainage,,
30 13 13,section,Facility Storm Drainage Piping,,
30 14 00,section,Facility Natural-Gas Piping,,
30 14 13,section,Facility Natural-Gas Piping,,
30 21 00,section,Domestic Water Piping,,
30 21 13,section,Facility Water Distribution Piping,,
30 21 16,section,Water Utility Service Piping,,
30 22 00,section,Domestic Water Piping Specialties,,
30 22 13,section,Domestic Water Pressure Reducing Valves,,
30 22 16,section,Domestic Water Piping Specialties,,
30 23 00,section,Domestic Water Pumps,,
30 29 00,section,Water Treatment Equipment,,
30 31 00,section,Sanitary Sewerage,,
30 31 13,section,Sanitary Sewerage Piping,,
30 32 00,section,Sanitary Sewerage Specialties,,
30 33 00,section,Sanitary Sewerage Pumps,,
30 41 00,section,Storm Drainage,,
30 41 13,section,Storm Drainage Piping,,
30 42 00,section,Storm Drainage Specialties,,
30 45 00,section,Area Drainage,,
30 45 13,section,Trench and Channel Drainage,,
30 51 00,section,Plumbing Fixtures,,
30 51 13,section,Water Closets,,
30 51 16,section,Urinals,,
30 51 19,section,Lavatories,,
30 51 23,section,Sinks,,
30 51 26,section,Bathtubs and Whirlpool Bathtubs,,
30 51 29,section,Showers,,
30 51 33,section,Drinking Fountains and Water Coolers,,
30 51 36,section,Emergency Fixtures,,
30 63 00,section,Gas Systems,,
30 63 13,section,Natural Gas Piping,,
30 63 19,section,Compressed-Air Systems,,
31 00 00,division,HVAC,,
31 05 00,section,Common Work Results for HVAC,,
31 05 13,section,Common Motor Requirements for HVAC Equipment,,
31 05 17,section,Sleeves and Sleeve Seals for HVAC Piping,,
31 05 19,section,Meters and Gauges for HVAC Piping,,
31 05 23,section,General-Duty Valves for HVAC Piping,,
31 05 29,section,Hangers and Supports for HVAC Piping and Equipment,,
31 05 48,section,Vibration and Seismic Controls for HVAC,,
31 05 53,section,Identification for HVAC Piping and Equipment,,
31 07 00,section,HVAC Insulation,,
31 07 13,section,Duct Insulation,,
31 07 16,section,HVAC Piping Insulation,,
31 11 00,section,Facility Fuel Systems,,
31 11 13,section,Facility Fuel-Oil Piping,,
31 12 00,section,Facility Cooling Generating Systems,,
31 13 00,section,Facility Heating and Cooling Piping Systems,,
31 21 00,section,Hydronic Piping and Pumps,,
31 21 13,section,Hydronic Piping,,
31 21 16,section,Hydronic Specialties,,
31 21 23,section,Hydronic Pumps,,
31 22 00,section,Steam and Condensate Piping,,
31 22 13,section,Steam and Condensate Heating Piping,,
31 23 00,section,Refrigerant Piping,,
31 24 00,section,HVAC Water Treatment,,
31 31 00,section,HVAC Ducts and Casings,,
31 31 13,section,Metal Ducts,,
31 31 16,section,Nonmetal Ducts,,
31 31 19,section,HVAC Casings,,
31 31 23,section,HVAC Power Ventilators,,
31 32 00,section,Air Plenums and Chases,,
31 33 00,section,Air Duct Accessories,,
31 33 13,section,Dampers,,
31 33 16,section,Duct Hardware,,
31 36 00,section,Air Terminal Units,,
31 36 13,section,Constant Air Volume Units,,
31 36 16,section,Variable Air Volume Units,,
31 37 00,section,Air Outlets and Inlets,,
31 37 13,section,Diffusers Registers and Grilles,,
31 37 16,section,Air Distribution Specialties,,
31 41 00,section,Fans,,
31 41 13,section,Axial HVAC Fans,,
31 41 16,section,Centrifugal HVAC Fans,,
31 41 19,section,Power Ventilators,,
31 43 00,section,Air Handling Units,,
31 43 13,section,Packaged Air Handling Units,,
31 43 16,section,Custom Air Handling Units,,
31 44 00,section,Dedicated Outdoor Air Systems,,
31 45 00,section,Humidifiers,,
31 46 00,section,Air Purifiers,,
31 51 00,section,Central Heating Equipment,,
31 51 13,section,Boilers,,
31 51 16,section,Furnaces,,
31 51 19,section,Radiant Heating Units,,
31 52 00,section,Heat Exchangers for HVAC,,
31 53 00,section,Heating Boilers and Accessories,,
31 56 00,section,Solar Energy Heating Equipment,,
31 61 00,section,Central Cooling Equipment,,
31 61 13,section,Refrigerant Compressors,,
31 61 16,section,Packaged Air-Cooled Refrigerant Compressors,,
31 61 19,section,Refrigerant Condensers,,
31 61 23,section,Refrigerant Evaporators,,
31 62 00,section,Packaged Compressor and Condenser Units,,
31 63 00,section,Refrigerant Cooling Equipment,,
31 64 00,section,Packaged Terminal HVAC Equipment,,
31 64 13,section,Packaged Terminal Air Conditioners,,
31 64 16,section,Packaged Terminal Heat Pumps,,
31 71 00,section,Unitary HVAC Equipment,,
31 71 13,section,Split-System Air Conditioning Units,,
31 71 16,section,Heat Pumps,,
31 73 00,section,Indoor Central-Station Air-Handling Units,,
31 74 00,section,Packaged Outdoor HVAC Equipment,,
31 74 13,section,Packaged Rooftop Units,,
31 81 00,section,Decentralized HVAC Equipment,,
31 82 00,section,Convection Heating and Cooling Units,,
31 83 00,section,Radiant Heating Units,,
31 84 00,section,Humidity Control Equipment,,
32 00 00,division,Fire Suppression,,
32 01 00,section,Fire Suppression Rehabilitation,,
32 05 00,section,Common Work Results for Fire Suppression,,
32 11 00,section,Fire Suppression Piping,,
32 11 13,section,Fire Protection Piping,,
32 12 00,section,Fire Suppression Standpipes,,
32 13 00,section,Fire Pumps,,
32 13 13,section,Electric-Drive Fire Pumps,,
32 13 16,section,Diesel-Drive Fire Pumps,,
32 13 19,section,Fire Pump Controllers and Accessories,,
32 14 00,section,Fire Suppression Water Storage,,
32 15 00,section,Fire Suppression Specialty Systems,,
32 21 00,section,Fire Suppression Sprinkler Systems,,
32 21 13,section,Wet-Pipe Sprinkler Systems,,
32 21 16,section,Dry-Pipe Sprinkler Systems,,
32 21 19,section,Pre-Action Sprinkler Systems,,
32 21 23,section,Deluge Sprinkler Systems,,
32 21 26,section,Combined Dry-Pipe and Pre-Action Systems,,
32 31 00,section,Fire Suppression Fixed Systems,,
32 31 13,section,Carbon Dioxide Fire Suppression Systems,,
32 31 16,section,Dry Chemical Fire Suppression Systems,,
32 31 19,section,Pre-Engineered Wet Chemical Fire Suppression Systems,,
32 31 23,section,Clean-Agent Extinction Systems,,
32 41 00,section,Foam Fire Suppression Systems,,
33 00 00,division,Electrical,,
33 05 00,section,Common Work Results for Electrical,,
33 05 13,section,Conductors and Cables,,
33 05 19,section,Low-Voltage Electrical Power Conductors and Cables,,
33 05 26,section,Grounding and Bonding for Electrical Systems,,
33 05 29,section,Hangers and Supports for Electrical Systems,,
33 05 33,section,Raceway and Boxes for Electrical Systems,,
33 05 36,section,Cable Trays for Electrical Systems,,
33 05 43,section,Underground Ducts and Raceways for Electrical Systems,,
33 05 53,section,Identification for Electrical Systems,,
33 06 00,section,Schedules for Electrical,,
33 11 00,section,Facility Electrical Power Generating and Storing Equipment,,
33 12 00,section,Medium-Voltage Electrical Distribution,,
33 12 13,section,Primary Electrical Switchgear,,
33 12 16,section,Primary Electrical Switchboard,,
33 13 00,section,Site Grounding,,
33 21 00,section,Low-Voltage Electrical Transmission,,
33 21 13,section,Low-Voltage Electrical Service Entrance,,
33 21 16,section,Underground Electrical Distribution,,
33 22 00,section,Low-Voltage Transformers,,
33 22 13,section,Dry-Type Transformers,,
33 23 00,section,Battery Equipment,,
33 24 00,section,Switches,,
33 26 00,section,Power Filtering and Conditioning Equipment,,
33 27 00,section,Power Monitoring,,
33 29 00,section,Enclosed Bus Assemblies,,
33 31 00,section,Lighting Equipment,,
33 31 13,section,Interior Lighting,,
33 31 16,section,Lighting Panels,,
33 31 19,section,Emergency Lighting,,
33 31 23,section,Exit Signs,,
33 32 00,section,Exterior Lighting,,
33 32 13,section,Roadway Lighting,,
33 32 16,section,Site Lighting,,
33 33 00,section,Special Purpose Lighting,,
33 41 00,section,Switchboards, Panelboards, and Motor Control,,
33 41 13,section,Switchboards,,
33 41 16,section,Panelboards,,
33 41 19,section,Enclosed Switches and Circuit Breakers,,
33 41 23,section,Motor-Control Centers,,
33 46 00,section,Electrical Systems Monitoring and Control,,
33 51 00,section,Generators,,
33 51 13,section,Engine Generators,,
33 51 23,section,Photovoltaic Generating Equipment,,
33 53 00,section,Uninterruptible Power Supply Equipment,,
33 71 00,section,Voice and Data Communications,,
33 71 13,section,Communications Pathways and Spaces,,
33 71 19,section,Copper Communications Cables,,
33 71 23,section,Optical Fiber Communications Cables,,
33 81 00,section,Electronic Safety and Security,,
33 81 13,section,Fire Alarm Systems,,
33 81 16,section,Mass Notification Systems,,
33 81 23,section,Intrusion Detection Systems,,
33 81 26,section,Access Control Systems,,
33 81 29,section,Video Surveillance Systems,,
33 82 00,section,Electronic Monitoring and Control,,
34 00 00,division,Reserved for Future Expansion,Reserved,reserved
35 00 00,division,Reserved for Future Expansion,Reserved,reserved
36 00 00,division,Reserved for Future Expansion,Reserved,reserved
37 00 00,division,Reserved for Future Expansion,Reserved,reserved
38 00 00,division,Reserved for Future Expansion,Reserved,reserved
39 00 00,division,Reserved for Future Expansion,Reserved,reserved
40 00 00,division,Conveying Equipment,,
40 11 00,section,Elevators,,
40 11 13,section,Electric Traction Elevators,,
40 11 16,section,Hydraulic Elevators,,
40 11 19,section,Limited-Use/Limited-Application Elevators,,
40 12 00,section,Escalators and Moving Walkways,,
40 12 13,section,Escalators,,
40 12 16,section,Moving Walks,,
40 13 00,section,Moving Ramps,,
40 14 00,section,Pneumatic Tube Systems,,
40 21 00,section,Conveyors and Material Handling,,
40 21 13,section,Belt Conveyors,,
40 21 16,section,Gravity Conveyors,,
40 21 19,section,Pneumatic Conveyors,,
40 41 00,section,Turntables and Platforms,,
40 51 00,section,Chutes,,
40 51 13,section,Laundry and Linen Chutes,,
40 51 16,section,Rubbish Chutes,,
41 00 00,division,Earthwork,,
41 11 00,section,Site Clearing,,
41 11 13,section,Selective Site Clearing,,
41 11 16,section,Tree Protection and Trimming,,
41 12 00,section,Earth Moving,,
41 12 13,section,Site Grading,,
41 12 16,section,Excavation and Fill,,
41 12 19,section,Trenching,,
41 13 00,section,Rock Removal,,
41 14 00,section,Earth Dams,,
41 15 00,section,Erosion and Sedimentation Controls,,
41 15 13,section,Temporary Erosion and Sedimentation Control,,
41 15 16,section,Permanent Erosion and Sedimentation Controls,,
41 16 00,section,Contaminated Site Material Removal,,
41 16 13,section,Contaminated Soil Removal and Disposal,,
41 17 00,section,Earthwork Methods,,
41 17 13,section,Compaction,,
41 17 16,section,Dewatering,,
41 17 19,section,Shoring,,
41 21 00,section,Base Courses,,
41 21 13,section,Aggregate Base Courses,,
41 21 16,section,Cement-Treated Base Courses,,
41 31 00,section,Soil Treatment,,
41 31 13,section,Chemical Soil Stabilization,,
41 32 00,section,Geotextiles,,
41 32 13,section,Woven Geotextiles,,
42 00 00,division,Exterior Improvements,,
42 11 00,section,Flexible Paving,,
42 11 13,section,Bituminous Paving,,
42 11 16,section,Bituminous Surfacing,,
42 12 00,section,Rigid Paving,,
42 12 13,section,Portland Cement Concrete Paving,,
42 12 16,section,Concrete Walks and Curbs,,
42 13 00,section,Unit Paving,,
42 13 13,section,Brick Unit Paving,,
42 13 16,section,Concrete Unit Paving,,
42 13 19,section,Stone Paving,,
42 14 00,section,Athletic and Recreational Paving,,
42 21 00,section,Curbs Gutters Sidewalks and Driveways,,
42 22 00,section,Traffic Calming,,
42 23 00,section,Parking Lots,,
42 31 00,section,Fences and Gates,,
42 31 13,section,Chain Link Fences and Gates,,
42 31 16,section,Ornamental Metal Fences and Gates,,
42 31 19,section,Wood Fences and Gates,,
42 32 00,section,Retaining Walls,,
42 32 13,section,Concrete Retaining Walls,,
42 32 16,section,Segmental Concrete Masonry Retaining Walls,,
42 32 19,section,Gabion Retaining Walls,,
42 41 00,section,Irrigation,,
42 41 13,section,Irrigation Piping,,
42 41 16,section,Sprinkler Irrigation,,
42 41 19,section,Drip and Bubbler Irrigation,,
42 51 00,section,Planting,,
42 51 13,section,Landscape Edgings,,
42 51 16,section,Soil Preparation,,
42 51 19,section,Turf and Grasses,,
42 51 23,section,Plants and Bulbs,,
42 51 26,section,Trees and Shrubs,,
42 61 00,section,Site Development,,
42 61 13,section,Tactile Warning Surfaces,,
42 61 16,section,Flagpoles,,
42 61 19,section,Exterior Clocks,,
42 71 00,section,Wetlands,,
42 72 00,section,Stormwater Management,,
42 72 13,section,Bioretention,,
42 72 16,section,Green Roofs for Stormwater Management,,
43 00 00,division,Utilities,,
43 11 00,section,Water Utility Distribution,,
43 11 13,section,Water Utility Distribution Piping,,
43 11 16,section,Water Utility Distribution Equipment,,
43 12 00,section,Sanitary Utility Sewerage,,
43 12 13,section,Sanitary Utility Sewerage Piping,,
43 12 16,section,Sanitary Utility Sewerage Force Mains,,
43 13 00,section,Storm Utility Drainage,,
43 13 13,section,Storm Utility Drainage Piping,,
43 14 00,section,Natural Gas Utility Distribution,,
43 14 13,section,Natural Gas Utility Piping,,
43 21 00,section,Electrical Utility Transmission,,
43 21 13,section,Electrical Utility Poles and Structures,,
43 22 00,section,Communications Utility Distribution,,
43 22 13,section,Communications Utility Conduit,,
43 31 00,section,Site Manholes and Structures,,
43 31 13,section,Precast Concrete Utility Structures,,
43 31 16,section,Cast-in-Place Concrete Utility Structures,,
44 00 00,division,Transportation,,
44 11 00,section,Roadways,,
44 11 13,section,Flexible Roadway Surfaces,,
44 11 16,section,Rigid Roadway Surfaces,,
44 12 00,section,Bridges,,
44 12 13,section,Cast-in-Place Concrete Bridges,,
44 12 16,section,Precast Concrete Bridges,,
44 13 00,section,Tunnels,,
44 21 00,section,Airfield Paving,,
44 31 00,section,Rail Trackwork,,
44 31 13,section,Ballasted Track,,
44 41 00,section,Traffic Management,,
44 41 13,section,Traffic Control Devices,,
44 41 16,section,Pavement Marking,,
45 00 00,division,Process Piping,,
45 11 00,section,Process Gas Piping,,
45 12 00,section,Process Air Piping,,
45 13 00,section,Process Liquid Piping,,
45 14 00,section,Process Steam Piping,,
45 21 00,section,Specialty Piping,,
45 21 13,section,High-Purity Piping,,
45 21 16,section,Chemical-Resistant Piping,,
45 31 00,section,Process Valves,,
45 41 00,section,Process Instrumentation and Control,,
46 00 00,division,Process Heating Cooling and Drying Equipment,,
46 11 00,section,Process Heating Equipment,,
46 12 00,section,Process Cooling Equipment,,
46 13 00,section,Process Drying Equipment,,
46 21 00,section,Process Boilers,,
46 31 00,section,Refrigerant Cooling Equipment,,
47 00 00,division,Process Gas and Liquid Handling,,
47 11 00,section,Process Air and Gas Handling and Purification Equipment,,
47 12 00,section,Process Liquid Handling and Purification Equipment,,
47 13 00,section,Process Sewage and Sludge Handling and Treatment Equipment,,
47 21 00,section,Storage Vessels,,
47 31 00,section,Bulk Material Handling,,
48 00 00,division,Reserved for Future Expansion,Reserved,reserved
49 00 00,division,Reserved for Future Expansion,Reserved,reserved
